7/4/2014,137209
4/4/2014,137639
3/4/2014,137876
2/4/2014,137795
1/4/2014,137623
31/03/2014,137589
28/03/2014,137826
27/03/2014,138114
26/03/2014,138129
25/03/2014,137945
24/03/2014,137963
21/03/2014,138435
20/03/2014,139142
19/03/2014,139162
18/03/2014,139104
17/03/2014,139135
14/03/2014,139020
13/03/2014,138705
12/3/2014,138705
11/3/2014,138796
10/3/2014,138399
7/3/2014,137554
6/3/2014,137372
5/3/2014,137544
4/3/2014,137822
3/3/2014,137561
28/02/2014,136972
27/02/2014,137305
26/02/2014,137412
25/02/2014,137388
24/02/2014,137342
21/02/2014,137367
20/02/2014,137452
19/02/2014,137188
18/02/2014,137009
17/02/2014,136731
14/02/2014,136294
13/02/2014,136323
12/2/2014,136491
11/2/2014,136331
10/2/2014,136039
7/2/2014,135380
6/2/2014,135184
5/2/2014,135100
4/2/2014,134942
3/2/2014,135300
31/01/2014,136286
30/01/2014,136612
29/01/2014,136705
28/01/2014,136786
27/01/2014,136503
24/01/2014,135884
23/01/2014,135521
22/01/2014,135446
21/01/2014,135446
20/01/2014,135662
17/01/2014,136172
16/01/2014,136441
15/01/2014,136693
14/01/2014,136670
13/01/2014,136373
10/1/2014,135943
9/1/2014,136127
8/1/2014,136183
7/1/2014,135990
6/1/2014,136346
3/1/2014,137434
2/1/2014,137876
1/1/2014,137791
31/12/2013,137606
30/12/2013,137271
27/12/2013,136839
26/12/2013,136840
25/12/2013,136840
24/12/2013,136820
23/12/2013,136729
20/12/2013,137055
19/12/2013,137609
18/12/2013,137609
17/12/2013,137527
16/12/2013,137547
13/12/2013,137732
12/12/2013,137642
11/12/2013,137393
10/12/2013,137126
9/12/2013,136737
6/12/2013,136024
5/12/2013,135750
4/12/2013,135660
3/12/2013,135790
2/12/2013,135908
29/11/2013,135861
28/11/2013,135656
27/11/2013,135374
26/11/2013,135405
25/11/2013,135141
22/11/2013,134713
21/11/2013,135170
20/11/2013,135100
19/11/2013,135004
18/11/2013,134835
15/11/2013,134529
14/11/2013,134259
13/11/2013,133985
12/11/2013,133771
11/11/2013,134105
8/11/2013,134857
7/11/2013,135003
6/11/2013,134957
5/11/2013,134954
4/11/2013,135533
1/11/2013,137009
31/10/2013,137571
30/10/2013,137815
29/10/2013,138017
28/10/2013,137999
25/10/2013,137874
24/10/2013,137506
23/10/2013,136967
22/10/2013,136798
21/10/2013,136561
18/10/2013,135727
17/10/2013,135272
16/10/2013,135433
15/10/2013,135573
14/10/2013,135342
11/10/2013,135261
10/10/2013,135529
9/10/2013,135735
8/10/2013,135661
7/10/2013,135758
4/10/2013,135822
3/10/2013,135413
2/10/2013,135262
1/10/2013,135145
30/09/2013,135159
27/09/2013,135011
26/09/2013,134926
25/09/2013,134986
24/09/2013,135192
23/09/2013,135279
20/09/2013,134749
19/09/2013,133634
18/09/2013,133513
17/09/2013,133339
16/09/2013,132992
13/09/2013,132952
12/9/2013,132691
11/9/2013,132368
10/9/2013,131950
9/9/2013,131773
6/9/2013,131743
5/9/2013,131788
4/9/2013,131876
3/9/2013,132112
2/9/2013,132440
30/08/2013,133139
29/08/2013,133660
28/08/2013,133732
27/08/2013,133792
26/08/2013,133690
23/08/2013,133640
22/08/2013,133891
21/08/2013,133635
20/08/2013,133337
19/08/2013,133109
16/08/2013,132752
15/08/2013,132680
14/08/2013,132939
13/08/2013,133227
12/8/2013,133477
9/8/2013,133385
8/8/2013,132969
7/8/2013,132746
6/8/2013,132734
5/8/2013,132701
2/8/2013,132590
1/8/2013,132660
31/07/2013,132673
30/07/2013,132759
29/07/2013,132549
26/07/2013,132164
25/07/2013,132091
24/07/2013,131870
23/07/2013,131596
22/07/2013,131284
19/07/2013,131173
18/07/2013,131232
17/07/2013,130824
16/07/2013,130591
15/07/2013,130684
12/7/2013,129806
11/7/2013,128269
10/7/2013,128381
9/7/2013,128381
8/7/2013,128842
5/7/2013,129736
4/7/2013,129983
3/7/2013,130354
2/7/2013,130257
1/7/2013,130164
28/06/2013,130342
27/06/2013,130707
26/06/2013,131090
25/06/2013,131110
24/06/2013,131658
21/06/2013,132916
20/06/2013,133798
19/06/2013,133615
18/06/2013,133421
17/06/2013,133440
14/06/2013,133297
13/06/2013,132966
12/6/2013,132511
11/6/2013,132164
10/6/2013,131893
7/6/2013,131197
6/6/2013,130778
5/6/2013,130550
4/6/2013,130156
3/6/2013,129944
31/05/2013,129534
30/05/2013,128990
29/05/2013,129150
28/05/2013,129333
27/05/2013,129119
24/05/2013,128916
23/05/2013,128994
22/05/2013,128744
21/05/2013,128487
20/05/2013,128543
17/05/2013,128877
16/05/2013,129280
15/05/2013,129795
14/05/2013,129808
13/05/2013,130419
10/5/2013,131279
9/5/2013,131087
8/5/2013,130924
7/5/2013,131073
6/5/2013,131238
3/5/2013,131559
2/5/2013,131580
1/5/2013,130968
30/04/2013,130577
29/04/2013,130321
26/04/2013,130226
25/04/2013,130099
24/04/2013,130342
23/04/2013,130539
22/04/2013,130516
19/04/2013,130813
18/04/2013,131174
17/04/2013,130914
16/04/2013,130909
15/04/2013,131033
12/4/2013,130864
11/4/2013,130705
10/4/2013,130330
9/4/2013,129984
8/4/2013,129401
5/4/2013,128386
4/4/2013,128312
3/4/2013,128329
2/4/2013,128171
1/4/2013,128116
29/03/2013,128052
28/03/2013,128335
27/03/2013,129027
26/03/2013,129731
25/03/2013,129639
22/03/2013,129176
21/03/2013,129170
20/03/2013,129316
19/03/2013,129829
18/03/2013,130336
15/03/2013,129792
14/03/2013,130137
13/03/2013,130203
12/3/2013,130063
11/3/2013,130141
8/3/2013,130317
7/3/2013,130356
6/3/2013,130247
5/3/2013,130133
4/3/2013,130574
1/3/2013,131075
28/02/2013,130781
27/02/2013,131192
26/02/2013,132019
25/02/2013,132060
22/02/2013,132929
21/02/2013,133748
20/02/2013,133532
19/02/2013,133525
18/02/2013,133714
15/02/2013,134162
14/02/2013,134422
13/02/2013,134041
12/2/2013,133773
11/2/2013,134165
8/2/2013,135167
7/2/2013,135406
6/2/2013,135509
5/2/2013,136114
4/2/2013,136125
1/2/2013,135508
31/01/2013,134987
30/01/2013,134556
29/01/2013,134565
28/01/2013,134143
25/01/2013,133268
24/01/2013,133192
23/01/2013,133204
22/01/2013,133176
21/01/2013,133226
18/01/2013,133135
17/01/2013,133142
16/01/2013,133582
15/01/2013,133591
14/01/2013,132537
11/1/2013,130997
10/1/2013,130828
9/1/2013,130893
8/1/2013,130657
7/1/2013,130925
4/1/2013,131698
3/1/2013,132214
2/1/2013,131995
1/1/2013,132091
31/12/2012,132269
28/12/2012,132266
27/12/2012,131948
26/12/2012,131898
25/12/2012,131911
24/12/2012,132043
21/12/2012,132407
20/12/2012,132275
19/12/2012,131763
18/12/2012,131628
17/12/2012,131279
14/12/2012,130554
13/12/2012,130041
12/12/2012,129484
11/12/2012,129192
10/12/2012,129675
7/12/2012,130589
6/12/2012,130848
5/12/2012,130583
4/12/2012,130156
3/12/2012,129791
30/11/2012,129520
29/11/2012,129404
28/11/2012,129643
27/11/2012,129682
26/11/2012,129307
23/11/2012,128383
22/11/2012,127902
21/11/2012,127902
20/11/2012,127620
19/11/2012,127468
16/11/2012,127441
15/11/2012,127173
14/11/2012,127041
13/11/2012,127159
12/11/2012,127272
9/11/2012,127715
8/11/2012,128023
7/11/2012,128008
6/11/2012,128174
5/11/2012,128829
2/11/2012,129611
1/11/2012,129604
31/10/2012,129285
30/10/2012,129234
29/10/2012,129528
26/10/2012,129734
25/10/2012,129860
24/10/2012,130307
23/10/2012,130392
22/10/2012,130516
19/10/2012,131038
18/10/2012,130707
17/10/2012,129785
16/10/2012,129441
15/10/2012,129292
12/10/2012,128852
11/10/2012,128997
10/10/2012,129547
9/10/2012,130020
8/10/2012,130073
5/10/2012,129376
4/10/2012,129095
3/10/2012,128951
2/10/2012,128626
1/10/2012,128654
28/09/2012,128783
27/09/2012,128948
26/09/2012,129324
25/09/2012,129510
24/09/2012,129814
21/09/2012,130061
20/09/2012,130585
19/09/2012,130929
18/09/2012,131222
17/09/2012,130534
14/09/2012,129066
13/09/2012,128505
12/9/2012,127968
11/9/2012,127975
10/9/2012,127412
7/9/2012,125941
6/9/2012,125726
5/9/2012,125865
4/9/2012,125774
3/9/2012,125599
31/08/2012,125391
30/08/2012,125407
29/08/2012,125211
28/08/2012,125136
27/08/2012,125268
24/08/2012,125215
23/08/2012,124461
22/08/2012,123795
21/08/2012,123356
20/08/2012,123248
17/08/2012,123073
16/08/2012,123199
15/08/2012,123326
14/08/2012,123043
13/08/2012,123064
10/8/2012,123492
9/8/2012,123852
8/8/2012,124012
7/8/2012,123891
6/8/2012,123235
3/8/2012,122511
2/8/2012,122904
1/8/2012,122794
31/07/2012,122911
30/07/2012,122779
27/07/2012,121646
26/07/2012,121048
25/07/2012,121058
24/07/2012,121296
23/07/2012,122009
20/07/2012,122778
19/07/2012,122738
18/07/2012,122621
17/07/2012,122433
16/07/2012,122369
13/07/2012,122316
12/7/2012,122684
11/7/2012,122892
10/7/2012,122891
9/7/2012,123583
6/7/2012,125083
5/7/2012,125791
4/7/2012,126018
3/7/2012,126359
2/7/2012,125902
29/06/2012,124693
28/06/2012,124894
27/06/2012,125033
26/06/2012,125321
25/06/2012,125972
22/06/2012,126614
21/06/2012,126663
20/06/2012,126375
19/06/2012,126467
18/06/2012,126178
15/06/2012,125616
14/06/2012,125159
13/06/2012,125232
12/6/2012,125658
11/6/2012,125542
8/6/2012,125493
7/6/2012,124913
6/6/2012,124605
5/6/2012,124330
4/6/2012,124062
1/6/2012,124036
31/05/2012,124713
30/05/2012,125405
29/05/2012,125556
28/05/2012,125457
25/05/2012,125950
24/05/2012,126887
23/05/2012,127722
22/05/2012,127756
21/05/2012,127522
18/05/2012,127212
17/05/2012,127573
16/05/2012,128327
15/05/2012,128870
14/05/2012,129297
11/5/2012,129561
10/5/2012,129909
9/5/2012,130230
8/5/2012,130394
7/5/2012,131038
4/5/2012,131618
3/5/2012,132089
2/5/2012,132414
1/5/2012,132416
30/04/2012,132436
27/04/2012,132196
26/04/2012,131918
25/04/2012,131677
24/04/2012,131807
23/04/2012,131776
20/04/2012,131174
19/04/2012,131170
18/04/2012,130996
17/04/2012,130626
16/04/2012,131031
13/04/2012,131302
12/4/2012,131037
11/4/2012,130923
10/4/2012,130860
9/4/2012,130996
6/4/2012,131327
5/4/2012,132309
4/4/2012,133280
3/4/2012,133403
2/4/2012,133274
30/03/2012,133103
29/03/2012,133327
28/03/2012,133217
27/03/2012,132790
26/03/2012,132422
23/03/2012,132150
22/03/2012,132346
21/03/2012,132091
20/03/2012,131816
19/03/2012,131270
16/03/2012,130526
15/03/2012,130839
14/03/2012,131260
13/03/2012,131195
12/3/2012,131525
9/3/2012,131782
8/3/2012,131483
7/3/2012,131833
6/3/2012,132013
5/3/2012,132433
2/3/2012,133682
1/3/2012,134352
29/02/2012,134306
28/02/2012,134378
27/02/2012,133874
24/02/2012,132659
23/02/2012,132392
22/02/2012,132376
21/02/2012,132003
20/02/2012,131095
17/02/2012,130722
16/02/2012,131381
15/02/2012,131859
14/02/2012,132226
13/02/2012,132262
10/2/2012,132690
9/2/2012,132220
8/2/2012,131316
7/2/2012,131131
6/2/2012,131530
3/2/2012,131414
2/2/2012,131298
1/2/2012,131508
31/01/2012,131776
30/01/2012,131823
27/01/2012,130823
26/01/2012,130134
25/01/2012,129858
24/01/2012,129409
23/01/2012,129097
20/01/2012,128524
19/01/2012,127686
18/01/2012,127038
17/01/2012,126644
16/01/2012,127058
13/01/2012,127455
12/1/2012,127518
11/1/2012,127602
10/1/2012,127226
9/1/2012,127714
6/1/2012,129191
5/1/2012,130034
4/1/2012,129781
3/1/2012,129460
2/1/2012,129453
30/12/2011,129648
29/12/2011,130486
28/12/2011,130657
27/12/2011,130546
26/12/2011,130467
23/12/2011,130682
22/12/2011,130741
21/12/2011,130350
20/12/2011,130271
19/12/2011,130263
16/12/2011,130049
15/12/2011,130735
14/12/2011,132115
13/12/2011,133248
12/12/2011,133843
9/12/2011,133911
8/12/2011,133978
7/12/2011,134011
6/12/2011,134167
5/12/2011,134207
2/12/2011,134256
1/12/2011,133524
30/11/2011,133338
29/11/2011,132959
28/11/2011,132912
25/11/2011,133879
24/11/2011,134600
23/11/2011,135043
22/11/2011,135075
21/11/2011,135058
18/11/2011,134835
17/11/2011,135282
16/11/2011,136250
15/11/2011,137250
14/11/2011,136877
11/11/2011,136247
10/11/2011,137401
9/11/2011,137716
8/11/2011,137719
7/11/2011,137712
4/11/2011,137477
3/11/2011,137477
2/11/2011,138528
1/11/2011,140632
31/10/2011,141047
28/10/2011,139898
27/10/2011,139096
26/10/2011,139045
25/10/2011,138858
24/10/2011,138321
21/10/2011,137607
20/10/2011,137679
19/10/2011,137674
18/10/2011,138423
17/10/2011,138356
14/10/2011,137473
13/10/2011,136833
12/10/2011,135982
11/10/2011,134762
10/10/2011,133695
7/10/2011,133437
6/10/2011,132799
5/10/2011,132527
4/10/2011,133419
3/10/2011,134619
30/09/2011,135972
29/09/2011,135822
28/09/2011,135224
27/09/2011,134792
26/09/2011,135075
23/09/2011,135818
22/09/2011,136803
21/09/2011,136621
20/09/2011,137119
19/09/2011,137918
16/09/2011,137518
15/09/2011,136811
14/09/2011,136440
13/09/2011,136172
12/9/2011,137910
9/9/2011,140336
8/9/2011,140586
7/9/2011,140928
6/9/2011,141580
5/9/2011,142458
2/9/2011,143561
1/9/2011,144419
31/08/2011,144835
30/08/2011,145040
29/08/2011,144657
26/08/2011,144150
25/08/2011,144200
24/08/2011,144006
23/08/2011,143884
22/08/2011,143884
19/08/2011,143928
18/08/2011,144164
17/08/2011,143849
16/08/2011,143114
15/08/2011,142322
12/8/2011,142454
11/8/2011,142792
10/8/2011,142484
9/8/2011,142883
8/8/2011,142849
5/8/2011,142483
4/8/2011,142448
3/8/2011,142750
2/8/2011,143670
1/8/2011,143739
29/07/2011,143777
28/07/2011,144611
27/07/2011,144294
26/07/2011,143686
25/07/2011,143309
22/07/2011,142448
21/07/2011,141702
20/07/2011,141153
19/07/2011,141036
18/07/2011,141733
15/07/2011,141476
14/07/2011,140306
13/07/2011,140350
12/7/2011,141769
11/7/2011,142813
8/7/2011,143430
7/7/2011,144147
6/7/2011,145029
5/7/2011,145318
4/7/2011,145118
1/7/2011,144502
30/06/2011,143621
29/06/2011,142690
28/06/2011,141920
27/06/2011,142133
24/06/2011,143026
23/06/2011,143769
22/06/2011,143233
21/06/2011,142811
20/06/2011,142518
17/06/2011,142177
16/06/2011,143738
15/06/2011,144114
14/06/2011,143553
13/06/2011,144315
10/6/2011,146011
9/6/2011,146386
8/6/2011,146319
7/6/2011,146258
6/6/2011,145476
3/6/2011,144094
2/6/2011,143977
1/6/2011,143432
31/05/2011,142968
30/05/2011,142549
27/05/2011,141155
26/05/2011,140728
25/05/2011,140683
24/05/2011,140932
23/05/2011,141957
20/05/2011,142642
19/05/2011,142220
18/05/2011,141582
17/05/2011,141259
16/05/2011,141516
13/05/2011,142616
12/5/2011,143476
11/5/2011,143577
10/5/2011,143510
9/5/2011,144772
6/5/2011,147888
5/5/2011,148314
4/5/2011,148204
3/5/2011,148213
2/5/2011,148140
29/04/2011,147736
28/04/2011,146488
27/04/2011,145856
26/04/2011,145705
25/04/2011,145666
22/04/2011,145250
21/04/2011,143859
20/04/2011,142887
19/04/2011,143620
18/04/2011,144397
15/04/2011,144653
14/04/2011,144664
13/04/2011,144483
12/4/2011,144598
11/4/2011,144062
8/4/2011,142939
7/4/2011,142535
6/4/2011,142092
5/4/2011,142297
4/4/2011,142113
1/4/2011,141419
31/03/2011,140959
30/03/2011,140809
29/03/2011,140711
28/03/2011,140960
25/03/2011,141362
24/03/2011,141817
23/03/2011,142051
22/03/2011,141824
21/03/2011,141064
18/03/2011,139624
17/03/2011,139505
16/03/2011,139503
15/03/2011,139370
14/03/2011,138895
11/3/2011,138682
10/3/2011,139138
9/3/2011,139575
8/3/2011,139892
7/3/2011,139481
4/3/2011,138572
3/3/2011,138091
2/3/2011,138034
1/3/2011,137723
28/02/2011,137603
25/02/2011,137498
24/02/2011,136839
23/02/2011,136498
22/02/2011,136862
21/02/2011,136525
18/02/2011,135601
17/02/2011,135184
16/02/2011,135034
15/02/2011,135170
14/02/2011,135886
11/2/2011,136612
10/2/2011,136470
9/2/2011,136075
8/2/2011,136457
7/2/2011,136457
4/2/2011,137770
3/2/2011,137947
2/2/2011,137063
1/2/2011,136298
31/01/2011,136470
28/01/2011,136999
27/01/2011,136700
26/01/2011,136291
25/01/2011,136103
24/01/2011,135587
21/01/2011,134586
20/01/2011,134148
19/01/2011,133366
18/01/2011,133427
17/01/2011,133193
14/01/2011,131257
13/01/2011,129948
12/1/2011,129349
11/1/2011,129109
10/1/2011,129838
7/1/2011,131572
6/1/2011,132824
5/1/2011,133425
4/1/2011,133457
3/1/2011,133311
31/12/2010,132085
30/12/2010,131603
29/12/2010,131746
28/12/2010,131307
27/12/2010,131153
24/12/2010,131093
23/12/2010,131279
22/12/2010,131465
21/12/2010,131635
20/12/2010,132000
17/12/2010,132629
16/12/2010,133580
15/12/2010,133514
14/12/2010,132480
13/12/2010,132374
10/12/2010,132481
9/12/2010,132721
8/12/2010,133302
7/12/2010,133607
6/12/2010,133146
3/12/2010,131154
2/12/2010,130591
1/12/2010,131128
30/11/2010,132136
29/11/2010,132817
26/11/2010,133508
25/11/2010,134275
24/11/2010,135935
23/11/2010,136915
22/11/2010,136472
19/11/2010,135654
18/11/2010,135321
17/11/2010,136051
16/11/2010,136679
15/11/2010,137074
12/11/2010,137491
11/11/2010,138117
10/11/2010,139115
9/11/2010,139852
8/11/2010,140900
5/11/2010,141291
4/11/2010,140090
3/11/2010,139576
2/11/2010,139465
1/11/2010,139205
29/10/2010,138433
28/10/2010,138373
27/10/2010,139478
26/10/2010,139926
25/10/2010,139625
22/10/2010,139342
21/10/2010,138628
20/10/2010,138778
19/10/2010,139445
18/10/2010,140161
15/10/2010,140323
14/10/2010,139207
13/10/2010,138763
12/10/2010,139303
11/10/2010,139188
8/10/2010,139188
7/10/2010,138445
6/10/2010,137535
5/10/2010,137377
4/10/2010,137317
1/10/2010,136194
30/09/2010,135699
29/09/2010,134880
28/09/2010,134774
27/09/2010,134374
24/09/2010,133538
23/09/2010,132739
22/09/2010,131143
21/09/2010,130672
20/09/2010,130537
17/09/2010,130348
16/09/2010,129636
15/09/2010,128903
14/09/2010,127777
13/09/2010,126947
10/9/2010,127119
9/9/2010,127269
8/9/2010,127989
7/9/2010,128885
6/9/2010,128649
3/9/2010,128016
2/9/2010,127434
1/9/2010,126891
31/08/2010,127239
30/08/2010,127443
27/08/2010,126886
26/08/2010,126512
25/08/2010,126639
24/08/2010,126985
23/08/2010,127550
20/08/2010,128423
19/08/2010,128691
18/08/2010,128512
17/08/2010,127930
16/08/2010,127921
13/08/2010,128990
12/8/2010,130439
11/8/2010,131890
10/8/2010,132649
9/8/2010,132389
6/8/2010,131784
5/8/2010,131979
4/8/2010,131799
3/8/2010,130928
2/8/2010,130562
30/07/2010,130400
29/07/2010,129995
28/07/2010,129774
27/07/2010,129325
26/07/2010,128870
23/07/2010,128433
22/07/2010,128629
21/07/2010,129317
20/07/2010,129403
19/07/2010,128937
16/07/2010,127908
15/07/2010,126893
14/07/2010,126110
13/07/2010,126037
12/7/2010,126489
9/7/2010,126416
8/7/2010,125999
7/7/2010,125735
6/7/2010,125460
5/7/2010,124882
2/7/2010,123214
1/7/2010,122332
30/06/2010,122543
29/06/2010,123476
28/06/2010,123496
25/06/2010,123021
24/06/2010,122798
23/06/2010,123261
22/06/2010,123891
21/06/2010,123748
18/06/2010,123314
17/06/2010,122931
16/06/2010,122550
15/06/2010,121853
14/06/2010,120975
11/6/2010,120419
10/6/2010,119749
9/6/2010,119454
8/6/2010,119514
7/6/2010,120662
4/6/2010,122330
3/6/2010,122239
2/6/2010,122535
1/6/2010,122911
31/05/2010,122820
28/05/2010,122868
27/05/2010,122626
26/05/2010,123166
25/05/2010,124753
24/05/2010,125125
21/05/2010,123473
20/05/2010,122983
19/05/2010,123436
18/05/2010,123389
17/05/2010,124468
14/05/2010,126197
13/05/2010,126761
12/5/2010,127863
11/5/2010,128591
10/5/2010,127609
7/5/2010,127997
6/5/2010,129732
5/5/2010,131400
4/5/2010,132490
3/5/2010,132767
30/04/2010,132197
29/04/2010,132314
28/04/2010,133148
27/04/2010,133564
26/04/2010,133674
23/04/2010,133680
22/04/2010,134301
21/04/2010,134632
20/04/2010,134708
19/04/2010,135260
16/04/2010,136005
15/04/2010,136221
14/04/2010,135951
13/04/2010,135651
12/4/2010,134362
9/4/2010,133425
8/4/2010,133783
7/4/2010,134321
6/4/2010,134922
5/4/2010,135098
2/4/2010,135120
1/4/2010,134747
31/03/2010,134587
30/03/2010,134472
29/03/2010,133861
26/03/2010,133393
25/03/2010,134208
24/03/2010,135195
23/03/2010,135275
22/03/2010,135737
19/03/2010,136950
18/03/2010,137502
17/03/2010,137153
16/03/2010,137257
15/03/2010,137271
12/3/2010,136422
11/3/2010,136056
10/3/2010,136142
9/3/2010,136430
8/3/2010,136272
5/3/2010,136424
4/3/2010,136199
3/3/2010,135578
2/3/2010,135895
1/3/2010,135835
26/02/2010,135178
25/02/2010,135587
24/02/2010,135899
23/02/2010,136107
22/02/2010,136028
19/02/2010,136239
18/02/2010,136941
17/02/2010,136599
16/02/2010,136147
15/02/2010,136667
12/2/2010,137416
11/2/2010,137457
10/2/2010,136989
9/2/2010,136727
8/2/2010,137398
5/2/2010,138878
4/2/2010,139494
3/2/2010,139203
2/2/2010,138818
1/2/2010,139169
29/01/2010,140238
28/01/2010,140781
27/01/2010,141251
26/01/2010,141506
25/01/2010,141222
22/01/2010,141272
21/01/2010,142473
20/01/2010,143575
19/01/2010,143772
18/01/2010,144312
15/01/2010,145092
14/01/2010,145008
13/01/2010,144995
12/1/2010,144694
11/1/2010,143940
8/1/2010,143857
7/1/2010,143857
6/1/2010,143934
5/1/2010,143390
4/1/2010,143332
1/1/2010,143556
31/12/2009,143529
30/12/2009,143886
29/12/2009,143886
28/12/2009,143783
25/12/2009,143287
24/12/2009,142805
23/12/2009,143002
22/12/2009,143297
21/12/2009,143613
18/12/2009,144588
17/12/2009,145638
16/12/2009,146101
15/12/2009,146358
14/12/2009,146567
11/12/2009,147254
10/12/2009,147494
9/12/2009,148150
8/12/2009,148492
7/12/2009,149401
4/12/2009,150865
3/12/2009,150679
2/12/2009,150425
1/12/2009,150145
30/11/2009,150223
27/11/2009,150579
26/11/2009,150010
25/11/2009,149482
24/11/2009,149154
23/11/2009,148794
20/11/2009,149096
19/11/2009,149184
18/11/2009,149361
17/11/2009,149397
16/11/2009,149224
13/11/2009,149649
12/11/2009,149923
11/11/2009,149724
10/11/2009,149142
9/11/2009,148535
6/11/2009,148224
5/11/2009,147548
4/11/2009,147404
3/11/2009,147446
2/11/2009,147310
30/10/2009,147693
29/10/2009,148117
28/10/2009,149046
27/10/2009,149971
26/10/2009,150038
23/10/2009,149825
22/10/2009,149574
21/10/2009,149402
20/10/2009,149107
19/10/2009,149157
16/10/2009,149152
15/10/2009,148567
14/10/2009,147824
13/10/2009,147382
12/10/2009,147402
9/10/2009,147333
8/10/2009,147032
7/10/2009,146805
6/10/2009,146108
5/10/2009,145820
2/10/2009,145992
1/10/2009,146117
30/09/2009,146065
29/09/2009,146559
28/09/2009,147026
25/09/2009,147488
24/09/2009,147764
23/09/2009,147261
22/09/2009,146877
21/09/2009,147171
18/09/2009,147115
17/09/2009,146605
16/09/2009,146035
15/09/2009,145736
14/09/2009,145695
11/9/2009,145484
10/9/2009,144846
9/9/2009,143872
8/9/2009,143181
7/9/2009,142864
4/9/2009,142606
3/9/2009,142568
2/9/2009,143056
1/9/2009,142877
31/08/2009,142877
28/08/2009,142697
27/08/2009,142888
26/08/2009,143110
25/08/2009,143239
24/08/2009,142933
21/08/2009,142050
20/08/2009,141390
19/08/2009,141135
18/08/2009,141499
17/08/2009,142213
14/08/2009,142204
13/08/2009,141590
12/8/2009,141598
11/8/2009,141809
10/8/2009,142624
7/8/2009,143934
6/8/2009,144032
5/8/2009,143650
4/8/2009,142892
3/8/2009,141800
31/07/2009,140834
30/07/2009,141606
29/07/2009,142296
28/07/2009,142234
27/07/2009,142122
24/07/2009,142168
23/07/2009,142071
22/07/2009,142040
21/07/2009,141560
20/07/2009,141016
17/07/2009,140787
16/07/2009,140169
15/07/2009,139653
14/07/2009,139438
13/07/2009,139428
10/7/2009,139301
9/7/2009,139211
8/7/2009,139593
7/7/2009,139586
6/7/2009,140172
3/7/2009,140803
2/7/2009,140847
1/7/2009,140712
30/06/2009,140516
29/06/2009,140178
26/06/2009,139891
25/06/2009,140101
24/06/2009,139199
23/06/2009,139022
22/06/2009,139407
19/06/2009,139174
18/06/2009,138600
17/06/2009,138578
16/06/2009,139326
15/06/2009,140239
12/6/2009,140440
11/6/2009,140131
10/6/2009,139375
9/6/2009,139358
8/6/2009,140466
5/6/2009,141956
4/6/2009,142236
3/6/2009,141930
2/6/2009,141641
1/6/2009,140512
29/05/2009,139033
28/05/2009,139539
27/05/2009,139784
26/05/2009,140016
25/05/2009,139216
22/05/2009,137539
21/05/2009,136444
20/05/2009,135476
19/05/2009,134851
18/05/2009,135297
15/05/2009,136122
14/05/2009,136386
13/05/2009,136195
12/5/2009,136229
11/5/2009,135317
8/5/2009,133295
7/5/2009,133332
6/5/2009,133552
5/5/2009,132970
4/5/2009,132735
1/5/2009,132545
30/04/2009,131533
29/04/2009,130820
28/04/2009,131863
27/04/2009,131671
24/04/2009,130056
23/04/2009,129498
22/04/2009,129542
21/04/2009,130019
20/04/2009,131037
17/04/2009,132095
16/04/2009,132570
15/04/2009,132791
14/04/2009,132136
13/04/2009,132075
10/4/2009,132399
9/4/2009,132676
8/4/2009,133876
7/4/2009,134934
6/4/2009,134318
3/4/2009,132932
2/4/2009,132456
1/4/2009,132505
31/03/2009,132383
30/03/2009,133946
27/03/2009,135459
26/03/2009,135348
25/03/2009,136088
24/03/2009,136130
23/03/2009,135661
20/03/2009,133792
19/03/2009,130447
18/03/2009,129740
17/03/2009,129438
16/03/2009,128848
13/03/2009,127786
12/3/2009,127070
11/3/2009,126701
10/3/2009,126492
9/3/2009,126270
6/3/2009,125693
5/3/2009,125661
4/3/2009,125974
3/3/2009,126195
2/3/2009,126966
27/02/2009,127699
26/02/2009,127899
25/02/2009,127792
24/02/2009,128282
23/02/2009,127487
20/02/2009,126138
19/02/2009,126084
18/02/2009,126989
17/02/2009,128035
16/02/2009,128598
13/02/2009,128801
12/2/2009,129161
11/2/2009,129451
10/2/2009,129616
9/2/2009,129024
6/2/2009,128793
5/2/2009,129219
4/2/2009,128432
3/2/2009,127835
2/2/2009,129118
30/01/2009,131415
29/01/2009,132213
28/01/2009,131284
27/01/2009,129924
26/01/2009,129925
23/01/2009,129708
22/01/2009,129397
21/01/2009,130801
20/01/2009,132662
19/01/2009,132285
16/01/2009,131754
15/01/2009,132359
14/01/2009,133254
13/01/2009,134297
12/1/2009,135338
9/1/2009,136167
8/1/2009,135453
7/1/2009,135940
6/1/2009,138174
5/1/2009,139381
2/1/2009,139987
1/1/2009,140624
31/12/2008,141313
30/12/2008,141304
29/12/2008,140244
26/12/2008,139963
25/12/2008,139731
24/12/2008,139775
23/12/2008,139553
22/12/2008,140993
19/12/2008,143287
18/12/2008,139833
17/12/2008,136389
16/12/2008,134594
15/12/2008,132983
12/12/2008,130713
11/12/2008,129338
10/12/2008,128674
9/12/2008,127873
8/12/2008,127095
5/12/2008,126866
4/12/2008,126666
3/12/2008,126551
2/12/2008,126743
1/12/2008,127774
28/11/2008,129310
27/11/2008,129494
26/11/2008,128301
25/11/2008,126502
24/11/2008,125628
21/11/2008,125619
20/11/2008,126287
19/11/2008,126249
18/11/2008,126111
17/11/2008,125634
14/11/2008,125147
13/11/2008,126000
12/11/2008,127520
11/11/2008,127966
10/11/2008,127695
7/11/2008,128866
6/11/2008,128548
5/11/2008,127493
4/11/2008,127646
3/11/2008,128564
31/10/2008,129553
30/10/2008,126750
29/10/2008,124992
28/10/2008,125553
27/10/2008,126944
24/10/2008,128551
23/10/2008,130360
22/10/2008,133068
21/10/2008,134151
20/10/2008,134257
17/10/2008,134980
16/10/2008,136166
15/10/2008,136319
14/10/2008,135191
13/10/2008,135132
10/10/2008,136538
9/10/2008,136103
8/10/2008,135791
7/10/2008,136582
6/10/2008,138218
3/10/2008,139758
2/10/2008,141693
1/10/2008,143532
30/09/2008,145099
29/09/2008,146340
26/09/2008,146738
25/09/2008,147032
24/09/2008,146921
23/09/2008,145358
22/09/2008,144341
19/09/2008,143116
18/09/2008,142027
17/09/2008,142383
16/09/2008,142580
15/09/2008,141272
12/9/2008,140102
11/9/2008,141191
10/9/2008,141902
9/9/2008,142752
8/9/2008,143408
5/9/2008,144652
4/9/2008,144973
3/9/2008,145791
2/9/2008,146529
1/9/2008,147018
29/08/2008,147323
28/08/2008,146923
27/08/2008,147053
26/08/2008,147717
25/08/2008,147962
22/08/2008,147815
21/08/2008,147278
20/08/2008,147051
19/08/2008,147070
18/08/2008,147644
15/08/2008,148960
14/08/2008,149085
13/08/2008,149287
12/8/2008,149878
11/8/2008,151513
8/8/2008,154323
7/8/2008,154808
6/8/2008,155412
5/8/2008,155746
4/8/2008,155777
1/8/2008,155933
31/07/2008,156243
30/07/2008,157087
29/07/2008,157185
28/07/2008,156976
25/07/2008,157055
24/07/2008,158026
23/07/2008,158789
22/07/2008,158586
21/07/2008,158466
18/07/2008,158632
17/07/2008,159100
16/07/2008,159230
15/07/2008,159130
14/07/2008,158657
11/7/2008,157229
10/7/2008,156862
9/7/2008,156862
8/7/2008,156823
7/7/2008,157537
4/7/2008,158259
3/7/2008,158039
2/7/2008,157720
1/7/2008,157843
30/06/2008,157580
27/06/2008,156555
26/06/2008,155701
25/06/2008,155527
24/06/2008,155766
23/06/2008,155786
20/06/2008,155177
19/06/2008,154761
18/06/2008,154761
17/06/2008,154126
16/06/2008,154129
13/06/2008,154771
12/6/2008,155195
11/6/2008,156346
10/6/2008,157658
9/6/2008,156603
6/6/2008,154550
5/6/2008,154800
4/6/2008,155334
3/6/2008,155464
2/6/2008,155670
30/05/2008,156206
29/05/2008,157085
28/05/2008,157609
27/05/2008,157646
26/05/2008,157609
23/05/2008,157411
22/05/2008,156643
21/05/2008,155811
20/05/2008,155690
19/05/2008,155384
16/05/2008,154705
15/05/2008,154742
14/05/2008,154908
13/05/2008,154699
12/5/2008,154407
9/5/2008,154032
8/5/2008,154847
7/5/2008,154995
6/5/2008,154493
5/5/2008,154734
2/5/2008,155611
1/5/2008,155839
30/04/2008,156185
29/04/2008,156331
28/04/2008,156859
25/04/2008,158479
24/04/2008,159434
23/04/2008,159013
22/04/2008,158428
21/04/2008,158600
18/04/2008,159072
17/04/2008,158503
16/04/2008,158018
15/04/2008,157811
14/04/2008,158095
11/4/2008,157935
10/4/2008,157364
9/4/2008,157213
8/4/2008,157167
7/4/2008,157014
4/4/2008,156294
3/4/2008,156483
2/4/2008,157340
1/4/2008,157982
31/03/2008,157972
28/03/2008,157570
27/03/2008,156233
26/03/2008,154808
25/03/2008,154137
24/03/2008,154677
21/03/2008,155895
20/03/2008,157095
19/03/2008,157669
18/03/2008,157371
17/03/2008,156354
14/03/2008,155125
13/03/2008,153917
12/3/2008,153644
11/3/2008,153635
10/3/2008,153400
7/3/2008,152721
6/3/2008,152091
5/3/2008,152006
4/3/2008,151911
3/3/2008,151583
29/02/2008,150918
28/02/2008,149693
27/02/2008,148400
26/02/2008,148231
25/02/2008,147959
22/02/2008,147261
21/02/2008,146857
20/02/2008,146857
19/02/2008,146690
18/02/2008,146500
15/02/2008,145876
14/02/2008,145602
13/02/2008,145352
12/2/2008,145219
11/2/2008,145374
8/2/2008,146050
7/2/2008,146807
6/2/2008,147746
5/2/2008,148114
4/2/2008,148223
1/2/2008,148273
31/01/2008,147793
30/01/2008,147509
29/01/2008,147015
28/01/2008,146705
25/01/2008,146360
24/01/2008,145621
23/01/2008,144986
22/01/2008,145557
21/01/2008,146357
18/01/2008,147081
17/01/2008,148138
16/01/2008,148605
15/01/2008,148204
14/01/2008,147470
11/1/2008,146973
10/1/2008,147025
9/1/2008,147088
8/1/2008,147259
7/1/2008,147367
4/1/2008,147005
3/1/2008,146334
2/1/2008,146306
1/1/2008,147098
31/12/2007,146471
28/12/2007,144906
27/12/2007,144207
26/12/2007,143946
25/12/2007,143877
24/12/2007,143737
21/12/2007,143751
20/12/2007,143992
19/12/2007,144006
18/12/2007,144108
17/12/2007,145268
14/12/2007,146836
13/12/2007,146901
12/12/2007,146958
11/12/2007,146677
10/12/2007,146371
7/12/2007,146480
6/12/2007,147120
5/12/2007,146810
4/12/2007,146496
3/12/2007,146943
30/11/2007,148174
29/11/2007,148174
28/11/2007,148510
27/11/2007,148377
26/11/2007,148395
23/11/2007,148387
22/11/2007,147873
21/11/2007,147000
20/11/2007,146618
19/11/2007,146581
16/11/2007,146533
15/11/2007,146296
14/11/2007,145908
13/11/2007,146326
12/11/2007,146698
9/11/2007,146475
8/11/2007,145875
7/11/2007,145036
6/11/2007,144962
5/11/2007,144914
2/11/2007,144508
1/11/2007,144333
31/10/2007,144118
30/10/2007,144060
29/10/2007,143514
26/10/2007,142694
25/10/2007,142329
24/10/2007,142307
23/10/2007,142765
22/10/2007,142831
19/10/2007,142259
18/10/2007,141834
17/10/2007,141886
16/10/2007,141891
15/10/2007,141784
12/10/2007,141591
11/10/2007,140973
10/10/2007,140699
9/10/2007,141151
8/10/2007,141242
5/10/2007,141277
4/10/2007,141730
3/10/2007,142133
2/10/2007,142553
1/10/2007,142197
28/09/2007,141403
27/09/2007,141196
26/09/2007,140994
25/09/2007,140968
24/09/2007,140629
21/09/2007,140011
20/09/2007,139311
19/09/2007,138712
18/09/2007,138718
17/09/2007,138825
14/09/2007,138838
13/09/2007,138443
12/9/2007,138003
11/9/2007,137795
10/9/2007,137270
7/9/2007,136432
6/9/2007,136103
5/9/2007,136151
4/9/2007,136313
3/9/2007,136357
31/08/2007,136337
30/08/2007,136236
29/08/2007,136491
28/08/2007,136677
27/08/2007,136323
24/08/2007,135291
23/08/2007,134841
22/08/2007,134820
21/08/2007,134827
20/08/2007,134541
17/08/2007,134490
16/08/2007,135328
15/08/2007,136195
14/08/2007,136765
13/08/2007,137178
10/8/2007,137603
9/8/2007,137757
8/8/2007,137964
7/8/2007,137964
6/8/2007,137372
3/8/2007,136688
2/8/2007,136801
1/8/2007,136864
31/07/2007,136476
30/07/2007,136664
27/07/2007,137411
26/07/2007,137892
25/07/2007,138234
24/07/2007,138252
23/07/2007,138195
20/07/2007,138044
19/07/2007,137914
18/07/2007,137815
17/07/2007,137778
16/07/2007,137778
13/07/2007,137619
12/7/2007,137161
11/7/2007,136429
10/7/2007,136261
9/7/2007,136233
6/7/2007,136154
5/7/2007,136156
4/7/2007,135977
3/7/2007,135596
2/7/2007,135129
29/06/2007,134534
28/06/2007,134492
27/06/2007,134642
26/06/2007,134642
25/06/2007,134402
22/06/2007,134053
21/06/2007,134217
20/06/2007,134102
19/06/2007,133972
18/06/2007,133567
15/06/2007,133032
14/06/2007,133142
13/06/2007,133476
12/6/2007,133597
11/6/2007,134131
8/6/2007,134955
7/6/2007,135132
6/6/2007,134917
5/6/2007,134580
4/6/2007,134478
1/6/2007,134405
31/05/2007,134474
30/05/2007,134588
29/05/2007,134487
28/05/2007,134428
25/05/2007,134507
24/05/2007,134717
23/05/2007,134717
22/05/2007,134979
21/05/2007,135110
18/05/2007,135367
17/05/2007,135694
16/05/2007,135509
15/05/2007,135367
14/05/2007,135246
11/5/2007,135312
10/5/2007,135557
9/5/2007,135890
8/5/2007,136015
7/5/2007,135912
4/5/2007,136085
3/5/2007,136085
2/5/2007,136357
1/5/2007,136398
30/04/2007,136433
27/04/2007,136319
26/04/2007,136206
25/04/2007,135826
24/04/2007,135837
23/04/2007,135931
20/04/2007,135930
19/04/2007,135717
18/04/2007,135501
17/04/2007,135437
16/04/2007,135015
13/04/2007,134471
12/4/2007,134193
11/4/2007,133919
10/4/2007,133709
9/4/2007,133822
6/4/2007,133713
5/4/2007,133533
4/4/2007,133616
3/4/2007,133588
2/4/2007,133441
30/03/2007,133341
29/03/2007,133429
28/03/2007,133182
27/03/2007,132859
26/03/2007,133141
23/03/2007,133473
22/03/2007,133083
21/03/2007,133001
20/03/2007,133094
19/03/2007,132844
16/03/2007,132156
15/03/2007,131970
14/03/2007,131731
13/03/2007,131346
12/3/2007,131329
9/3/2007,131487
8/3/2007,131209
7/3/2007,131169
6/3/2007,131544
5/3/2007,131976
2/3/2007,132164
1/3/2007,132123
28/02/2007,131930
27/02/2007,131713
26/02/2007,131508
23/02/2007,131274
22/02/2007,131448
21/02/2007,131512
20/02/2007,131436
19/02/2007,131376
16/02/2007,131139
15/02/2007,130417
14/02/2007,129907
13/02/2007,129988
12/2/2007,130105
9/2/2007,130043
8/2/2007,129716
7/2/2007,129407
6/2/2007,129490
5/2/2007,129863
2/2/2007,130033
1/2/2007,129632
31/01/2007,129452
30/01/2007,129196
29/01/2007,129357
26/01/2007,129828
25/01/2007,129959
24/01/2007,129726
23/01/2007,129583
22/01/2007,129534
19/01/2007,129399
18/01/2007,129328
17/01/2007,129400
16/01/2007,129307
15/01/2007,129302
12/1/2007,129548
11/1/2007,129948
10/1/2007,130197
9/1/2007,130067
8/1/2007,130539
5/1/2007,131749
4/1/2007,132484
3/1/2007,132324
2/1/2007,131758
1/1/2007,131758
29/12/2006,131361
28/12/2006,131323
27/12/2006,131318
26/12/2006,131312
25/12/2006,131481
22/12/2006,131916
21/12/2006,131824
20/12/2006,131181
19/12/2006,130857
18/12/2006,131255
15/12/2006,132232
14/12/2006,132547
13/12/2006,132269
12/12/2006,131947
11/12/2006,132388
8/12/2006,132992
7/12/2006,133132
6/12/2006,133248
5/12/2006,133286
4/12/2006,132805
1/12/2006,131849
30/11/2006,131643
29/11/2006,131401
28/11/2006,131176
27/11/2006,130413
24/11/2006,129216
23/11/2006,128576
22/11/2006,128231
21/11/2006,128292
20/11/2006,128236
17/11/2006,128134
16/11/2006,128137
15/11/2006,128288
14/11/2006,128423
13/11/2006,128185
10/11/2006,127789
9/11/2006,127711
8/11/2006,127417
7/11/2006,127123
6/11/2006,127334
3/11/2006,127614
2/11/2006,127464
1/11/2006,127224
31/10/2006,127310
30/10/2006,127039
27/10/2006,126223
26/10/2006,125655
25/10/2006,125608
24/10/2006,125957
23/10/2006,125982
20/10/2006,125536
19/10/2006,125374
18/10/2006,125283
17/10/2006,125206
16/10/2006,125206
13/10/2006,125375
12/10/2006,125515
11/10/2006,125802
10/10/2006,125998
9/10/2006,126376
6/10/2006,127042
5/10/2006,127197
4/10/2006,127252
3/10/2006,126895
2/10/2006,126893
29/09/2006,127039
28/09/2006,127045
27/09/2006,127436
26/09/2006,127815
25/09/2006,127629
22/09/2006,127105
21/09/2006,126859
20/09/2006,126814
19/09/2006,126633
18/09/2006,126794
15/09/2006,126997
14/09/2006,126945
13/09/2006,126993
12/9/2006,126832
11/9/2006,127157
8/9/2006,127923
7/9/2006,128184
6/9/2006,128429
5/9/2006,128494
4/9/2006,128341
1/9/2006,128306
31/08/2006,128196
30/08/2006,127975
29/08/2006,127743
28/08/2006,127656
25/08/2006,127943
24/08/2006,128203
23/08/2006,128597
22/08/2006,128591
21/08/2006,128356
18/08/2006,128357
17/08/2006,127844
16/08/2006,127410
15/08/2006,127293
14/08/2006,127648
11/8/2006,128436
10/8/2006,128380
9/8/2006,128469
8/8/2006,128706
7/8/2006,128398
4/8/2006,127916
3/8/2006,127929
2/8/2006,127616
1/8/2006,127602
31/07/2006,127458
28/07/2006,126766
27/07/2006,126093
26/07/2006,126337
25/07/2006,126665
24/07/2006,126673
21/07/2006,125808
20/07/2006,125179
19/07/2006,125450
18/07/2006,126094
17/07/2006,126686
14/07/2006,127157
13/07/2006,127407
12/7/2006,127563
11/7/2006,127910
10/7/2006,127856
7/7/2006,127519
6/7/2006,127806
5/7/2006,127975
4/7/2006,127892
3/7/2006,127028
30/06/2006,125548
29/06/2006,125739
28/06/2006,125734
27/06/2006,125293
26/06/2006,125546
23/06/2006,126273
22/06/2006,126061
21/06/2006,125817
20/06/2006,126122
19/06/2006,126327
16/06/2006,126009
15/06/2006,125766
14/06/2006,125888
13/06/2006,126208
12/6/2006,126772
9/6/2006,127647
8/6/2006,128353
7/6/2006,129031
6/6/2006,129345
5/6/2006,128687
2/6/2006,128143
1/6/2006,128473
31/05/2006,127969
30/05/2006,127435
29/05/2006,127495
26/05/2006,127826
25/05/2006,128226
24/05/2006,128234
23/05/2006,127758
22/05/2006,127766
19/05/2006,127994
18/05/2006,128329
17/05/2006,128405
16/05/2006,128964
15/05/2006,128683
12/5/2006,127708
11/5/2006,127520
10/5/2006,127214
9/5/2006,127320
8/5/2006,126912
5/5/2006,126339
4/5/2006,126201
3/5/2006,126128
2/5/2006,126268
1/5/2006,125651
28/04/2006,124518
27/04/2006,124158
26/04/2006,123852
25/04/2006,123603
24/04/2006,123428
21/04/2006,123466
20/04/2006,123201
19/04/2006,122410
18/04/2006,121655
17/04/2006,121093
14/04/2006,121175
13/04/2006,121306
12/4/2006,121146
11/4/2006,121020
10/4/2006,121616
7/4/2006,122713
6/4/2006,122381
5/4/2006,121482
4/4/2006,121000
3/4/2006,121012
31/03/2006,120501
30/03/2006,120216
29/03/2006,120362
28/03/2006,120335
27/03/2006,120401
24/03/2006,120632
23/03/2006,121056
22/03/2006,121498
21/03/2006,121806
20/03/2006,121509
17/03/2006,120668
16/03/2006,120076
15/03/2006,119593
14/03/2006,119236
13/03/2006,119149
10/3/2006,119184
9/3/2006,119227
8/3/2006,119882
7/3/2006,120462
6/3/2006,120051
3/3/2006,119400
2/3/2006,119106
1/3/2006,118670
28/02/2006,118640
27/02/2006,118925
24/02/2006,119151
23/02/2006,119110
22/02/2006,119305
21/02/2006,119403
20/02/2006,119119
17/02/2006,118918
16/02/2006,119081
15/02/2006,119006
14/02/2006,119009
13/02/2006,119287
10/2/2006,119688
9/2/2006,119697
8/2/2006,119839
7/2/2006,120097
6/2/2006,120423
3/2/2006,120897
2/2/2006,121204
1/2/2006,121045
31/01/2006,120944
30/01/2006,121495
27/01/2006,122606
26/01/2006,122809
25/01/2006,122697
24/01/2006,122018
23/01/2006,121190
20/01/2006,120992
19/01/2006,121044
18/01/2006,121117
17/01/2006,121351
16/01/2006,121313
13/01/2006,121018
12/1/2006,120782
11/1/2006,120881
10/1/2006,121267
9/1/2006,121336
6/1/2006,120190
5/1/2006,118640
4/1/2006,118407
3/1/2006,118476
2/1/2006,118569
30/12/2005,118641
29/12/2005,118529
28/12/2005,118606
27/12/2005,118684
26/12/2005,118664
23/12/2005,119014
22/12/2005,119833
21/12/2005,120124
20/12/2005,120124
19/12/2005,120081
16/12/2005,119781
15/12/2005,119119
14/12/2005,118448
13/12/2005,118124
12/12/2005,117909
9/12/2005,117670
8/12/2005,117617
7/12/2005,117224
6/12/2005,117176
5/12/2005,117402
2/12/2005,117955
1/12/2005,117829
30/11/2005,117218
29/11/2005,117234
28/11/2005,117480
25/11/2005,118000
24/11/2005,118164
23/11/2005,117804
22/11/2005,117455
21/11/2005,117701
18/11/2005,117266
17/11/2005,116922
16/11/2005,117140
15/11/2005,117024
14/11/2005,117054
11/11/2005,117170
10/11/2005,117735
9/11/2005,117914
8/11/2005,118108
7/11/2005,118605
4/11/2005,119943
3/11/2005,120504
2/11/2005,120347
1/11/2005,120654
31/10/2005,120881
28/10/2005,121137
27/10/2005,120787
26/10/2005,120557
25/10/2005,119667
24/10/2005,119691
21/10/2005,120103
20/10/2005,119876
19/10/2005,119863
18/10/2005,120468
17/10/2005,120628
14/10/2005,120314
13/10/2005,120143
12/10/2005,120204
11/10/2005,120835
10/10/2005,121410
7/10/2005,121020
6/10/2005,119485
5/10/2005,119207
4/10/2005,119585
3/10/2005,120351
30/09/2005,120429
29/09/2005,120296
28/09/2005,120366
27/09/2005,120609
26/09/2005,120835
23/09/2005,121729
22/09/2005,121768
21/09/2005,121356
20/09/2005,121817
19/09/2005,122317
16/09/2005,122444
15/09/2005,122775
14/09/2005,122759
13/09/2005,123337
12/9/2005,124104
9/9/2005,124088
8/9/2005,124426
7/9/2005,124978
6/9/2005,125348
5/9/2005,125189
2/9/2005,124364
1/9/2005,122948
31/08/2005,122258
30/08/2005,122492
29/08/2005,122898
26/08/2005,122901
25/08/2005,122582
24/08/2005,122329
23/08/2005,122049
22/08/2005,121697
19/08/2005,122136
18/08/2005,123005
17/08/2005,123621
16/08/2005,123982
15/08/2005,124542
12/8/2005,124276
11/8/2005,123703
10/8/2005,123625
9/8/2005,123516
8/8/2005,123617
5/8/2005,123626
4/8/2005,122862
3/8/2005,121927
2/8/2005,121619
1/8/2005,121287
29/07/2005,121158
28/07/2005,120524
27/07/2005,120360
26/07/2005,120679
25/07/2005,121087
22/07/2005,121678
21/07/2005,121112
20/07/2005,120453
19/07/2005,120460
18/07/2005,120546
15/07/2005,120858
14/07/2005,121459
13/07/2005,121803
12/7/2005,120346
11/7/2005,119632
8/7/2005,119377
7/7/2005,119244
6/7/2005,119121
5/7/2005,119195
4/7/2005,120079
1/7/2005,120869
30/06/2005,120616
29/06/2005,120959
28/06/2005,121317
27/06/2005,120683
24/06/2005,120736
23/06/2005,121451
22/06/2005,121646
21/06/2005,122010
20/06/2005,122197
17/06/2005,121047
16/06/2005,120814
15/06/2005,120619
14/06/2005,121106
13/06/2005,121515
10/6/2005,122190
9/6/2005,122458
8/6/2005,122776
7/6/2005,122531
6/6/2005,122476
3/6/2005,122476
2/6/2005,122434
1/6/2005,123669
31/05/2005,125028
30/05/2005,125403
27/05/2005,125463
26/05/2005,125976
25/05/2005,125856
24/05/2005,125717
23/05/2005,125784
20/05/2005,126534
19/05/2005,126523
18/05/2005,126126
17/05/2005,126286
16/05/2005,126502
13/05/2005,127408
12/5/2005,128309
11/5/2005,128616
10/5/2005,128333
9/5/2005,128702
6/5/2005,129522
5/5/2005,129243
4/5/2005,128786
3/5/2005,128589
2/5/2005,128703
29/04/2005,129095
28/04/2005,129507
27/04/2005,129864
26/04/2005,130226
25/04/2005,130618
22/04/2005,130698
21/04/2005,130869
20/04/2005,130526
19/04/2005,129733
18/04/2005,128775
15/04/2005,128545
14/04/2005,129134
13/04/2005,129409
12/4/2005,129591
11/4/2005,129011
8/4/2005,128613
7/4/2005,128693
6/4/2005,128603
5/4/2005,128627
4/4/2005,129159
1/4/2005,129464
31/03/2005,129168
30/03/2005,129081
29/03/2005,129156
28/03/2005,129543
25/03/2005,129541
24/03/2005,130193
23/03/2005,131184
22/03/2005,132271
21/03/2005,133351
18/03/2005,133906
17/03/2005,133778
16/03/2005,133324
15/03/2005,134049
14/03/2005,134498
11/3/2005,134159
10/3/2005,133716
9/3/2005,132906
8/3/2005,132229
7/3/2005,131956
4/3/2005,131207
3/3/2005,131531
2/3/2005,132047
1/3/2005,132426
28/02/2005,132287
25/02/2005,132077
24/02/2005,132298
23/02/2005,131838
22/02/2005,130625
21/02/2005,130654
18/02/2005,130599
17/02/2005,130238
16/02/2005,129978
15/02/2005,129229
14/02/2005,128653
11/2/2005,128467
10/2/2005,127903
9/2/2005,127662
8/2/2005,127990
7/2/2005,129020
4/2/2005,129994
3/2/2005,130396
2/2/2005,130408
1/2/2005,130344
31/01/2005,130344
28/01/2005,130505
27/01/2005,130350
26/01/2005,130035
25/01/2005,130553
24/01/2005,130183
21/01/2005,129845
20/01/2005,130126
19/01/2005,130389
18/01/2005,130812
17/01/2005,131446
14/01/2005,132378
13/01/2005,132073
12/1/2005,131037
11/1/2005,130730
10/1/2005,131006
7/1/2005,132069
6/1/2005,132626
5/1/2005,133431
4/1/2005,134982
3/1/2005,135779
31/12/2004,136269
30/12/2004,136032
29/12/2004,136099
28/12/2004,135836
27/12/2004,135257
24/12/2004,134624
23/12/2004,133822
22/12/2004,133785
21/12/2004,133664
20/12/2004,133002
17/12/2004,133082
16/12/2004,133680
15/12/2004,133056
14/12/2004,132721
13/12/2004,132507
10/12/2004,133227
9/12/2004,133686
8/12/2004,134186
7/12/2004,134190
6/12/2004,133835
3/12/2004,132908
2/12/2004,133126
1/12/2004,132862
30/11/2004,132746
29/11/2004,132671
26/11/2004,132214
25/11/2004,131400
24/11/2004,130664
23/11/2004,130424
22/11/2004,130096
19/11/2004,129912
18/11/2004,130070
17/11/2004,129531
16/11/2004,129602
15/11/2004,129565
12/11/2004,129011
11/11/2004,128961
10/11/2004,129052
9/11/2004,129391
8/11/2004,129364
5/11/2004,128540
4/11/2004,127861
3/11/2004,127382
2/11/2004,127756
1/11/2004,127816
29/10/2004,127265
28/10/2004,127272
27/10/2004,127783
26/10/2004,127578
25/10/2004,126589
22/10/2004,126048
21/10/2004,125588
20/10/2004,125130
19/10/2004,124901
18/10/2004,124433
15/10/2004,123740
14/10/2004,123389
13/10/2004,123469
12/10/2004,123940
11/10/2004,123702
8/10/2004,122853
7/10/2004,122937
6/10/2004,123078
5/10/2004,123262
4/10/2004,124116
1/10/2004,123962
30/09/2004,123236
29/09/2004,123072
28/09/2004,122878
27/09/2004,122782
24/09/2004,122673
23/09/2004,122868
22/09/2004,122739
21/09/2004,121729
20/09/2004,121848
17/09/2004,121779
16/09/2004,121922
15/09/2004,122558
14/09/2004,122536
13/09/2004,122346
10/9/2004,121920
9/9/2004,121559
8/9/2004,120898
7/9/2004,120645
6/9/2004,120968
3/9/2004,121736
2/9/2004,121831
1/9/2004,121326
31/08/2004,120392
30/08/2004,120482
27/08/2004,120974
26/08/2004,120859
25/08/2004,121030
24/08/2004,122002
23/08/2004,123348
20/08/2004,123571
19/08/2004,123429
18/08/2004,123547
17/08/2004,123628
16/08/2004,123254
13/08/2004,122437
12/8/2004,122247
11/8/2004,122500
10/8/2004,122747
9/8/2004,121941
6/8/2004,120547
5/8/2004,120482
4/8/2004,120451
3/8/2004,120439
2/8/2004,120538
30/07/2004,120357
29/07/2004,120468
28/07/2004,120866
27/07/2004,121351
26/07/2004,121623
23/07/2004,122536
22/07/2004,122817
21/07/2004,123718
20/07/2004,124384
19/07/2004,124057
16/07/2004,123630
15/07/2004,123648
14/07/2004,123568
13/07/2004,124102
12/7/2004,124028
9/7/2004,123821
8/7/2004,123384
7/7/2004,122880
6/7/2004,122974
5/7/2004,122659
2/7/2004,121791
1/7/2004,121549
30/06/2004,121204
29/06/2004,121833
28/06/2004,121722
25/06/2004,121368
24/06/2004,120934
23/06/2004,121058
22/06/2004,121235
21/06/2004,121092
18/06/2004,120375
17/06/2004,120686
16/06/2004,121300
15/06/2004,120543
14/06/2004,120615
11/6/2004,120895
10/6/2004,121306
9/6/2004,122842
8/6/2004,123045
7/6/2004,122604
4/6/2004,122193
3/6/2004,122258
2/6/2004,122230
1/6/2004,122082
31/05/2004,122508
28/05/2004,122102
27/05/2004,121021
26/05/2004,120666
25/05/2004,119998
24/05/2004,119613
21/05/2004,119663
20/05/2004,119893
19/05/2004,119765
18/05/2004,119701
17/05/2004,118632
14/05/2004,118522
13/05/2004,118871
12/5/2004,118619
11/5/2004,118610
10/5/2004,119484
7/5/2004,121102
6/5/2004,121402
5/5/2004,120340
4/5/2004,119663
3/5/2004,119984
30/04/2004,119289
29/04/2004,118740
28/04/2004,119140
27/04/2004,118555
26/04/2004,118537
23/04/2004,118815
22/04/2004,118448
21/04/2004,119186
20/04/2004,120179
19/04/2004,120012
16/04/2004,119725
15/04/2004,119589
14/04/2004,119919
13/04/2004,120782
12/4/2004,120868
9/4/2004,121135
8/4/2004,121391
7/4/2004,120634
6/4/2004,120561
5/4/2004,122125
2/4/2004,123348
1/4/2004,122579
31/03/2004,121635
30/03/2004,121351
29/03/2004,121270
26/03/2004,121352
25/03/2004,122087
24/03/2004,123305
23/03/2004,123148
22/03/2004,123261
19/03/2004,123329
18/03/2004,122475
17/03/2004,122668
16/03/2004,122590
15/03/2004,122726
12/3/2004,123057
11/3/2004,122709
10/3/2004,123490
9/3/2004,123993
8/3/2004,123094
5/3/2004,121942
4/3/2004,122059
3/3/2004,123062
2/3/2004,124619
1/3/2004,124704
27/02/2004,124576
26/02/2004,125640
25/02/2004,126344
24/02/2004,125364
23/02/2004,125796
20/02/2004,126916
19/02/2004,127286
18/02/2004,128111
17/02/2004,127626
16/02/2004,127696
13/02/2004,128131
12/2/2004,127798
11/2/2004,126938
10/2/2004,126628
9/2/2004,125976
6/2/2004,125380
5/2/2004,125318
4/2/2004,124964
3/2/2004,124429
2/2/2004,124447
30/01/2004,124435
29/01/2004,125446
28/01/2004,125751
27/01/2004,125124
26/01/2004,126311
23/01/2004,126797
22/01/2004,126120
21/01/2004,124984
20/01/2004,122818
19/01/2004,123223
16/01/2004,125973
15/01/2004,126953
14/01/2004,127581
13/01/2004,127764
12/1/2004,128070
9/1/2004,127186
8/1/2004,126772
7/1/2004,127097
6/1/2004,126311
5/1/2004,125706
2/1/2004,125575
1/1/2004,125695
31/12/2003,125277
30/12/2003,124673
29/12/2003,124431
26/12/2003,124514
25/12/2003,124289
24/12/2003,123961
23/12/2003,124048
22/12/2003,124187
19/12/2003,124230
18/12/2003,123743
17/12/2003,123180
16/12/2003,122954
15/12/2003,122479
12/12/2003,122118
11/12/2003,122303
10/12/2003,122450
9/12/2003,122061
8/12/2003,121333
5/12/2003,120896
4/12/2003,121008
3/12/2003,120410
2/12/2003,119776
1/12/2003,119523
28/11/2003,119214
27/11/2003,118803
26/11/2003,117774
25/11/2003,118116
24/11/2003,118968
21/11/2003,119027
20/11/2003,119078
19/11/2003,118797
18/11/2003,117678
17/11/2003,117661
14/11/2003,116972
13/11/2003,115926
12/11/2003,115024
11/11/2003,114998
10/11/2003,114756
7/11/2003,114199
6/11/2003,114568
5/11/2003,114744
4/11/2003,115000
3/11/2003,116081
31/10/2003,116459
30/10/2003,116658
29/10/2003,116985
28/10/2003,117538
27/10/2003,117719
24/10/2003,117900
23/10/2003,117508
22/10/2003,116486
21/10/2003,116535
20/10/2003,116459
17/10/2003,116097
16/10/2003,116676
15/10/2003,117171
14/10/2003,117352
13/10/2003,117705
10/10/2003,117684
9/10/2003,117994
8/10/2003,117527
7/10/2003,116620
6/10/2003,116174
3/10/2003,117044
2/10/2003,117035
1/10/2003,116391
30/09/2003,115472
29/09/2003,114772
26/09/2003,114972
25/09/2003,114785
24/09/2003,114574
23/09/2003,114542
22/09/2003,113574
19/09/2003,112650
18/09/2003,112448
17/09/2003,112215
16/09/2003,112897
15/09/2003,112615
12/9/2003,112086
11/9/2003,112197
10/9/2003,111739
9/9/2003,110845
8/9/2003,110394
5/9/2003,109018
4/9/2003,108328
3/9/2003,108709
2/9/2003,109748
1/9/2003,109414
29/08/2003,108753
28/08/2003,108762
27/08/2003,108724
26/08/2003,108714
25/08/2003,108873
22/08/2003,109912
21/08/2003,111257
20/08/2003,111432
19/08/2003,111829
18/08/2003,112469
15/08/2003,112872
14/08/2003,113079
13/08/2003,113127
12/8/2003,113365
11/8/2003,113291
8/8/2003,113594
7/8/2003,113540
6/8/2003,113781
5/8/2003,113277
4/8/2003,112616
1/8/2003,112778
31/07/2003,113809
30/07/2003,114620
29/07/2003,114955
28/07/2003,114904
25/07/2003,114815
24/07/2003,114256
23/07/2003,113373
22/07/2003,113186
21/07/2003,112404
18/07/2003,112087
17/07/2003,112005
16/07/2003,112144
15/07/2003,112814
14/07/2003,113256
11/7/2003,113676
10/7/2003,113365
9/7/2003,113201
8/7/2003,113794
7/7/2003,114876
4/7/2003,115144
3/7/2003,115505
2/7/2003,115396
1/7/2003,114806
30/06/2003,114325
27/06/2003,114702
26/06/2003,115307
25/06/2003,115274
24/06/2003,115647
23/06/2003,116327
20/06/2003,117133
19/06/2003,117251
18/06/2003,117993
17/06/2003,118463
16/06/2003,118401
13/06/2003,117663
12/6/2003,117269
11/6/2003,116875
10/6/2003,117083
9/6/2003,117524
6/6/2003,117633
5/6/2003,116743
4/6/2003,117410
3/6/2003,117386
2/6/2003,117879
30/05/2003,118516
29/05/2003,117851
28/05/2003,118358
27/05/2003,118579
26/05/2003,117840
23/05/2003,116778
22/05/2003,116632
21/05/2003,116882
20/05/2003,116245
19/05/2003,115082
16/05/2003,114267
15/05/2003,115057
14/05/2003,115405
13/05/2003,115490
12/5/2003,115185
9/5/2003,114471
8/5/2003,113850
7/5/2003,113757
6/5/2003,112689
5/5/2003,112361
2/5/2003,112144
1/5/2003,111387
30/04/2003,110469
29/04/2003,110048
28/04/2003,110352
25/04/2003,110106
24/04/2003,109731
23/04/2003,109303
22/04/2003,108778
21/04/2003,108839
18/04/2003,108912
17/04/2003,108714
16/04/2003,107779
15/04/2003,107459
14/04/2003,107609
11/4/2003,107837
10/4/2003,107492
9/4/2003,107034
8/4/2003,107116
7/4/2003,107443
4/4/2003,107589
3/4/2003,108169
2/4/2003,109156
1/4/2003,108791
31/03/2003,107582
28/03/2003,106931
27/03/2003,106742
26/03/2003,106469
25/03/2003,106165
24/03/2003,105987
21/03/2003,105966
20/03/2003,105873
19/03/2003,106356
18/03/2003,106848
17/03/2003,107792
14/03/2003,108797
13/03/2003,110164
12/3/2003,110445
11/3/2003,110379
10/3/2003,109938
7/3/2003,109680
6/3/2003,109324
5/3/2003,108893
4/3/2003,108517
3/3/2003,107747
28/02/2003,107678
27/02/2003,107773
26/02/2003,107757
25/02/2003,107737
24/02/2003,107657
21/02/2003,107920
20/02/2003,107276
19/02/2003,107074
18/02/2003,107439
17/02/2003,107887
14/02/2003,107928
13/02/2003,107242
12/2/2003,107342
11/2/2003,107642
10/2/2003,108190
7/2/2003,108209
6/2/2003,108271
5/2/2003,108424
4/2/2003,107840
3/2/2003,107985
31/01/2003,108211
30/01/2003,108285
29/01/2003,108348
28/01/2003,108523
27/01/2003,108091
24/01/2003,107439
23/01/2003,107282
22/01/2003,107073
21/01/2003,106721
20/01/2003,106413
17/01/2003,105937
16/01/2003,105517
15/01/2003,105499
14/01/2003,105584
13/01/2003,105446
10/1/2003,104898
9/1/2003,104635
8/1/2003,104373
7/1/2003,104514
6/1/2003,103995
3/1/2003,104130
2/1/2003,104951
1/1/2003,104928
31/12/2002,104624
30/12/2002,104062
27/12/2002,103553
26/12/2002,103123
25/12/2002,102849
24/12/2002,102677
23/12/2002,102756
20/12/2002,102708
19/12/2002,102718
18/12/2002,102645
17/12/2002,102314
16/12/2002,102176
13/12/2002,101444
12/12/2002,100833
11/12/2002,100916
10/12/2002,101084
9/12/2002,100746
6/12/2002,100083
5/12/2002,99904.3
4/12/2002,99577.2
3/12/2002,99577.2
2/12/2002,99308.1
29/11/2002,99308.1
28/11/2002,99156.6
27/11/2002,99265.5
26/11/2002,99341.2
25/11/2002,99862.5
22/11/2002,100144
21/11/2002,100220
20/11/2002,100501
19/11/2002,100855
18/11/2002,100761
15/11/2002,100523
14/11/2002,100887
13/11/2002,101172
12/11/2002,101141
11/11/2002,101164
8/11/2002,100712
7/11/2002,100183
6/11/2002,99927.7
5/11/2002,99743.9
4/11/2002,99420.9
1/11/2002,98785.8
31/10/2002,98405
30/10/2002,98399.4
29/10/2002,98157.6
28/10/2002,97703.1
25/10/2002,97725.2
24/10/2002,97694
23/10/2002,97620.7
22/10/2002,97322.3
21/10/2002,97187.1
18/10/2002,97503.6
17/10/2002,98151.8
16/10/2002,98361
15/10/2002,98721.4
14/10/2002,98697.6
11/10/2002,98761.5
10/10/2002,98591.6
9/10/2002,98060.1
8/10/2002,98208.3
7/10/2002,98264.1
4/10/2002,98747
3/10/2002,98528.6
2/10/2002,98471.2
1/10/2002,98516.6
30/09/2002,97944.9
27/09/2002,97639
26/09/2002,97813.9
25/09/2002,98018
24/09/2002,97933.4
23/09/2002,98316.3
20/09/2002,98343.2
19/09/2002,97675.8
18/09/2002,97258.5
17/09/2002,96980.6
16/09/2002,97507.4
13/09/2002,97982
12/9/2002,97582.4
11/9/2002,97692.1
10/9/2002,98028
9/9/2002,98520.2
6/9/2002,99204.9
5/9/2002,99447.4
4/9/2002,99180.5
3/9/2002,98308.7
2/9/2002,98333.3
30/08/2002,98284.1
29/08/2002,98076.2
28/08/2002,97893.7
27/08/2002,97238.1
26/08/2002,97140.5
23/08/2002,97323.9
22/08/2002,98006.9
21/08/2002,97807.3
20/08/2002,97930.7
19/08/2002,98328.3
16/08/2002,98116.8
15/08/2002,98117
14/08/2002,98185.8
13/08/2002,97557.5
12/8/2002,96885.9
9/8/2002,96994.8
8/8/2002,97146.8
7/8/2002,97156.2
6/8/2002,98262.2
5/8/2002,98588.4
2/8/2002,98203.3
1/8/2002,97982.9
31/07/2002,98251
30/07/2002,98302.2
29/07/2002,99363.2
26/07/2002,100104
25/07/2002,99281.2
24/07/2002,99628.6
23/07/2002,101010
22/07/2002,101191
19/07/2002,100968
18/07/2002,100883
17/07/2002,100879
16/07/2002,99905.1
15/07/2002,99079
12/7/2002,98888.1
11/7/2002,99050.6
10/7/2002,99256.3
9/7/2002,98483.9
8/7/2002,97646.2
5/7/2002,97983.6
4/7/2002,98265.4
3/7/2002,98819
2/7/2002,99031.3
1/7/2002,99031.3
28/06/2002,98536.2
27/06/2002,98017.5
26/06/2002,97609.5
25/06/2002,97004.3
24/06/2002,96787.4
21/06/2002,96227.6
20/06/2002,95526.1
19/06/2002,94911.2
18/06/2002,94469.8
17/06/2002,94466.4
14/06/2002,94541.9
13/06/2002,94541.9
12/6/2002,94688.6
11/6/2002,94409.6
10/6/2002,94480.4
7/6/2002,94474.8
6/6/2002,93993.1
5/6/2002,93993.1
4/6/2002,93808.7
3/6/2002,93459.8
31/05/2002,93660.5
30/05/2002,93313.4
29/05/2002,92583
28/05/2002,92057.1
27/05/2002,92050.6
24/05/2002,92304.8
23/05/2002,92360.2
22/05/2002,92032.5
21/05/2002,92064.4
20/05/2002,91708.4
17/05/2002,91216.2
16/05/2002,90871.3
15/05/2002,90581.5
14/05/2002,91221.9
13/05/2002,91183.7
10/5/2002,90733.4
9/5/2002,90849
8/5/2002,91646.3
7/5/2002,91785.2
6/5/2002,91175.7
3/5/2002,90433.9
2/5/2002,90399
1/5/2002,90154.1
30/04/2002,90288.9
29/04/2002,90007.8
26/04/2002,89605.9
25/04/2002,89139
24/04/2002,88904.7
23/04/2002,88984
22/04/2002,89061.1
19/04/2002,89089.3
18/04/2002,88799.3
17/04/2002,88165.4
16/04/2002,87946.3
15/04/2002,88068.1
12/4/2002,88203.9
11/4/2002,88061.7
10/4/2002,87851.4
9/4/2002,87642
8/4/2002,87861.6
5/4/2002,87879.9
4/4/2002,88044.5
3/4/2002,87975.6
2/4/2002,87710.8
1/4/2002,87143
29/03/2002,87154.4
28/03/2002,87457.6
27/03/2002,87750
26/03/2002,87758.8
25/03/2002,87886.5
22/03/2002,88330.6
21/03/2002,88405.5
20/03/2002,88215.7
19/03/2002,88231
18/03/2002,88208.8
15/03/2002,88006
14/03/2002,87553
13/03/2002,87510.1
12/3/2002,87510.1
11/3/2002,87768.2
8/3/2002,88035
7/3/2002,87504.8
6/3/2002,87103.4
5/3/2002,86787.8
4/3/2002,86669.8
1/3/2002,86777.3
28/02/2002,86509.8
27/02/2002,86586.5
26/02/2002,87156.5
25/02/2002,87334.3
22/02/2002,86976.1
21/02/2002,87221.6
20/02/2002,87441.1
19/02/2002,87168.5
18/02/2002,87369.2
15/02/2002,87314.5
14/02/2002,87310.1
13/02/2002,87618.7
12/2/2002,87464.4
11/2/2002,87210
8/2/2002,86989
7/2/2002,86763.5
6/2/2002,86891.2
5/2/2002,86736.4
4/2/2002,86007.4
1/2/2002,85952.1
31/01/2002,86285.6
30/01/2002,86413.7
29/01/2002,86350.2
28/01/2002,86979.7
25/01/2002,87760.3
24/01/2002,88116.6
23/01/2002,88522.9
22/01/2002,88366.4
21/01/2002,88290.4
18/01/2002,88181
17/01/2002,88322.9
16/01/2002,88754.2
15/01/2002,89399.4
14/01/2002,89258.6
11/1/2002,89133.9
10/1/2002,89202.7
9/1/2002,89315.5
8/1/2002,89447.4
7/1/2002,89753.3
4/1/2002,90113.4
3/1/2002,89829.5
2/1/2002,89033.2
1/1/2002,88962.6
31/12/2001,88488
28/12/2001,88169.3
27/12/2001,87948.2
26/12/2001,87880.6
25/12/2001,88155.9
24/12/2001,89215
21/12/2001,90057.7
20/12/2001,90143.4
19/12/2001,90245.4
18/12/2001,90245
17/12/2001,89936.1
14/12/2001,89477.5
13/12/2001,89619.9
12/12/2001,89179.4
11/12/2001,89077
10/12/2001,89244.6
7/12/2001,89281.8
6/12/2001,88925.3
5/12/2001,89075.5
4/12/2001,89331.9
3/12/2001,89298.3
30/11/2001,88833.7
29/11/2001,88663.9
28/11/2001,88228.5
27/11/2001,87947.7
26/11/2001,87848.7
23/11/2001,87848.7
22/11/2001,88066.9
21/11/2001,88126.7
20/11/2001,88084.4
19/11/2001,88360.5
16/11/2001,88243.4
15/11/2001,88219.6
14/11/2001,88593.5
13/11/2001,89453.7
12/11/2001,89399.7
9/11/2001,89477.3
8/11/2001,89680.2
7/11/2001,89651.5
6/11/2001,89986.4
5/11/2001,90266.5
2/11/2001,90168.5
1/11/2001,90183.6
31/10/2001,90466.1
30/10/2001,89992
29/10/2001,89269.6
26/10/2001,89323.2
25/10/2001,89258.4
24/10/2001,89128.6
23/10/2001,89451.3
22/10/2001,90119
19/10/2001,90412
18/10/2001,90544.2
17/10/2001,90944
16/10/2001,90944
15/10/2001,90782.6
12/10/2001,90556.4
11/10/2001,91193.1
10/10/2001,91611
9/10/2001,91956.2
8/10/2001,91812.3
5/10/2001,91622.9
4/10/2001,91596.5
3/10/2001,91842.7
2/10/2001,91408.8
1/10/2001,91253.8
28/09/2001,91983.6
27/09/2001,92329.4
26/09/2001,92034.8
25/09/2001,91504.8
24/09/2001,91850.1
21/09/2001,92761
20/09/2001,92761
19/09/2001,92683.5
18/09/2001,92312.6
17/09/2001,91600.7
14/09/2001,90904.1
13/09/2001,90975.8
12/9/2001,90887.3
11/9/2001,90184.2
10/9/2001,90265.2
7/9/2001,89205.7
6/9/2001,88708.8
5/9/2001,89602.7
4/9/2001,90888.3
3/9/2001,91296.9
31/08/2001,91421.6
30/08/2001,91049.7
29/08/2001,91154.8
28/08/2001,91265.1
27/08/2001,91439
24/08/2001,91473.6
23/08/2001,91559.8
22/08/2001,91583.5
21/08/2001,91494.1
20/08/2001,91496.5
17/08/2001,91287.6
16/08/2001,90916.9
15/08/2001,90096.1
14/08/2001,89605.8
13/08/2001,89312.6
10/8/2001,88759.2
9/8/2001,87928.5
8/8/2001,87935.6
7/8/2001,88278.9
6/8/2001,88286.4
3/8/2001,88286.4
2/8/2001,87896.2
1/8/2001,87521.3
31/07/2001,87548.1
30/07/2001,87727.7
27/07/2001,87863.8
26/07/2001,87896.9
25/07/2001,87401.6
24/07/2001,87009.5
23/07/2001,87155.5
20/07/2001,87186.1
19/07/2001,86798.8
18/07/2001,85766.2
17/07/2001,85474.5
16/07/2001,85425.4
13/07/2001,85588.1
12/7/2001,85794.8
11/7/2001,85307
10/7/2001,84786.3
9/7/2001,84347.1
6/7/2001,84101.2
5/7/2001,84781.7
4/7/2001,84889.8
3/7/2001,84804.6
2/7/2001,84788.4
29/06/2001,85070.2
28/06/2001,86149.2
27/06/2001,86203.6
26/06/2001,85850
25/06/2001,85638.5
22/06/2001,85528.5
21/06/2001,85456.2
20/06/2001,85677.7
19/06/2001,86221.6
18/06/2001,86266.1
15/06/2001,85883.3
14/06/2001,85372.5
13/06/2001,84895.1
12/6/2001,84598.4
11/6/2001,85007.9
8/6/2001,84973
7/6/2001,85101.3
6/6/2001,85134.1
5/6/2001,84688.6
4/6/2001,84738.9
1/6/2001,85030.7
31/05/2001,85609
30/05/2001,85608.2
29/05/2001,85986.2
28/05/2001,85890.2
25/05/2001,85708
24/05/2001,85975.8
23/05/2001,87006.3
22/05/2001,87890.8
21/05/2001,88201.7
18/05/2001,88290.8
17/05/2001,88121.3
16/05/2001,87696.8
15/05/2001,87527.2
14/05/2001,87832.5
11/5/2001,88289.2
10/5/2001,88453.3
9/5/2001,88617.9
8/5/2001,89150
7/5/2001,89245.2
4/5/2001,89140.6
3/5/2001,89301.4
2/5/2001,89046.2
1/5/2001,88818.2
30/04/2001,89534
27/04/2001,90079
26/04/2001,89533.7
25/04/2001,89550.6
24/04/2001,89939.3
23/04/2001,89963
20/04/2001,89219.9
19/04/2001,88417
18/04/2001,88399.5
17/04/2001,88751.4
16/04/2001,88969.3
13/04/2001,89024.4
12/4/2001,88751.2
11/4/2001,89104.3
10/4/2001,89916
9/4/2001,89950.5
6/4/2001,89701.1
5/4/2001,89959.2
4/4/2001,89033.4
3/4/2001,87764.7
2/4/2001,87763.2
30/03/2001,88409.3
29/03/2001,88913.1
28/03/2001,89439.7
27/03/2001,89447.2
26/03/2001,89033.4
23/03/2001,89057.6
22/03/2001,90096.3
21/03/2001,90477.7
20/03/2001,89808.7
19/03/2001,89809.2
16/03/2001,90405
15/03/2001,91255.3
14/03/2001,92049.9
13/03/2001,93058.4
12/3/2001,93196.1
9/3/2001,93108.1
8/3/2001,93151
7/3/2001,93259.2
6/3/2001,93183.1
5/3/2001,93312.4
2/3/2001,92719.4
1/3/2001,92138.5
28/02/2001,91553.4
27/02/2001,91444.4
26/02/2001,91415.6
23/02/2001,90704.5
22/02/2001,91021.2
21/02/2001,91560.9
20/02/2001,91905.3
19/02/2001,91103
16/02/2001,90980.5
15/02/2001,91907.1
14/02/2001,92523.6
13/02/2001,92922.8
12/2/2001,92291.1
9/2/2001,92273.4
8/2/2001,92937.2
7/2/2001,93301.6
6/2/2001,93771
5/2/2001,93792.9
2/2/2001,93904
1/2/2001,93285
31/01/2001,92287
30/01/2001,91979.3
29/01/2001,92400
26/01/2001,92355.2
25/01/2001,92738.1
24/01/2001,93811.5
23/01/2001,93772
22/01/2001,93881.6
19/01/2001,94109.6
18/01/2001,93723.8
17/01/2001,94181.2
16/01/2001,94610.3
15/01/2001,95204.9
12/1/2001,94661.6
11/1/2001,94009.7
10/1/2001,94640.3
9/1/2001,95187.5
8/1/2001,95442
5/1/2001,94246.6
4/1/2001,93720
3/1/2001,94746.9
2/1/2001,94196.2
1/1/2001,93723.3
29/12/2000,92998.8
28/12/2000,93112.3
27/12/2000,92963.1
26/12/2000,92469.5
25/12/2000,92058.3
22/12/2000,91355.1
21/12/2000,90449.1
20/12/2000,89461
19/12/2000,89481
18/12/2000,89451.6
15/12/2000,88555.7
14/12/2000,87751.2
13/12/2000,87812.9
12/12/2000,88041.2
11/12/2000,88810.2
8/12/2000,89063.2
7/12/2000,88715.7
6/12/2000,88357.7
5/12/2000,88556.6
4/12/2000,87666.5
1/12/2000,86712.2
30/11/2000,85725.9
29/11/2000,85458
28/11/2000,84713.2
27/11/2000,83908.5
24/11/2000,84070.3
23/11/2000,84671
22/11/2000,84671
21/11/2000,85028.6
20/11/2000,84932.2
17/11/2000,85433.2
16/11/2000,85769.4
15/11/2000,85863.4
14/11/2000,86019.5
13/11/2000,86289.8
10/11/2000,86266.2
9/11/2000,85753.4
8/11/2000,86085.1
7/11/2000,86409.9
6/11/2000,86502.4
3/11/2000,85991.4
2/11/2000,85636.3
1/11/2000,84605.5
31/10/2000,84068.8
30/10/2000,83577.6
27/10/2000,82892.3
26/10/2000,83151.7
25/10/2000,83659.3
24/10/2000,83810.1
23/10/2000,84275
20/10/2000,84196.1
19/10/2000,84512.4
18/10/2000,85321.1
17/10/2000,85299.9
16/10/2000,85876.1
13/10/2000,86508.6
12/10/2000,87039
11/10/2000,87037.4
10/10/2000,86872.3
9/10/2000,87242.2
6/10/2000,87659.4
5/10/2000,87626
4/10/2000,87887.2
3/10/2000,88045.2
2/10/2000,88161.6
29/09/2000,88082.3
28/09/2000,88317.4
27/09/2000,87971.1
26/09/2000,87496.8
25/09/2000,86928.9
22/09/2000,85459.9
21/09/2000,84956.8
20/09/2000,85228.4
19/09/2000,85342.6
18/09/2000,85758.9
15/09/2000,86329.1
14/09/2000,86021
13/09/2000,86134.7
12/9/2000,86224.9
11/9/2000,86893.6
8/9/2000,87185.5
7/9/2000,87781.3
6/9/2000,89360.9
5/9/2000,89889.8
4/9/2000,89518.8
1/9/2000,88995.6
31/08/2000,89305.5
30/08/2000,89575.3
29/08/2000,90138.7
28/08/2000,90261.5
25/08/2000,90168.9
24/08/2000,89868.6
23/08/2000,89884.5
22/08/2000,90376.7
21/08/2000,91097.7
18/08/2000,91636.2
17/08/2000,91438.3
16/08/2000,91017.9
15/08/2000,90487.4
14/08/2000,90543
11/8/2000,90499.7
10/8/2000,90048.2
9/8/2000,90444.3
8/8/2000,90819.1
7/8/2000,90714.1
4/8/2000,90928.7
3/8/2000,91377.6
2/8/2000,91892.6
1/8/2000,92612.5
31/07/2000,92747
28/07/2000,93639.2
27/07/2000,94059.3
26/07/2000,93626.5
25/07/2000,93431.6
24/07/2000,93555.5
21/07/2000,92974.7
20/07/2000,92508.3
19/07/2000,92990.5
18/07/2000,93704.9
17/07/2000,93787.1
14/07/2000,93911.6
13/07/2000,94605.1
12/7/2000,95384.8
11/7/2000,95236.3
10/7/2000,94882.8
7/7/2000,95158.4
6/7/2000,95232.6
5/7/2000,95139.1
4/7/2000,95135.6
3/7/2000,95195.4
30/06/2000,94826.3
29/06/2000,94403.2
28/06/2000,94285.8
27/06/2000,93672
26/06/2000,93665.5
23/06/2000,94021.2
22/06/2000,94979.3
21/06/2000,95699.7
20/06/2000,95994.2
19/06/2000,95990.3
16/06/2000,95546.2
15/06/2000,95902.9
14/06/2000,95800.3
13/06/2000,95318.2
12/6/2000,95470.9
9/6/2000,95870.9
8/6/2000,95896.3
7/6/2000,95177.3
6/6/2000,94739.5
5/6/2000,94038.6
2/6/2000,93377.9
1/6/2000,93464.7
31/05/2000,92873.1
30/05/2000,93065.8
29/05/2000,92821.1
26/05/2000,90957.3
25/05/2000,90605.2
24/05/2000,90518.7
23/05/2000,90046.9
22/05/2000,89536
19/05/2000,89406.2
18/05/2000,89734.9
17/05/2000,90576
16/05/2000,91424.8
15/05/2000,91284.6
12/5/2000,90352.1
11/5/2000,90713
10/5/2000,90430.8
9/5/2000,89805.1
8/5/2000,89450.2
5/5/2000,89205.2
4/5/2000,89995
3/5/2000,91148.1
2/5/2000,91416
1/5/2000,91069.7
28/04/2000,91514.4
27/04/2000,92268.7
26/04/2000,92780.6
25/04/2000,93914.1
24/04/2000,93968.1
21/04/2000,93943.4
20/04/2000,94318.9
19/04/2000,94913.2
18/04/2000,95598.6
17/04/2000,95887.7
14/04/2000,95611.8
13/04/2000,95865.4
12/4/2000,96030.9
11/4/2000,95970.8
10/4/2000,95642.2
7/4/2000,96038.2
6/4/2000,96315.8
5/4/2000,96059.7
4/4/2000,95710.2
3/4/2000,95789
31/03/2000,95739
30/03/2000,95460
29/03/2000,96299.9
28/03/2000,96994.2
27/03/2000,97494.7
24/03/2000,96743.8
23/03/2000,96203.1
22/03/2000,96773
21/03/2000,97313.9
20/03/2000,97230.4
17/03/2000,97043.4
16/03/2000,96810.8
15/03/2000,96655.9
14/03/2000,96369
13/03/2000,96400.4
10/3/2000,96438.9
9/3/2000,96051.1
8/3/2000,95918.3
7/3/2000,95877
6/3/2000,96086.9
3/3/2000,96795.5
2/3/2000,97000.6
1/3/2000,96754.5
29/02/2000,97305.3
28/02/2000,98197.7
25/02/2000,99702.7
24/02/2000,100317
23/02/2000,99758.8
22/02/2000,98656.2
21/02/2000,98614.5
18/02/2000,98733.6
17/02/2000,98453.4
16/02/2000,98089.1
15/02/2000,98247.2
14/02/2000,98580.7
11/2/2000,98772.2
10/2/2000,99090.4
9/2/2000,98411.3
8/2/2000,98169.3
7/2/2000,98652.6
4/2/2000,98541.7
3/2/2000,97467.1
2/2/2000,97145.2
1/2/2000,97303.1
31/01/2000,98157.1
28/01/2000,99311.3
27/01/2000,100171
26/01/2000,100321
25/01/2000,100751
24/01/2000,101221
21/01/2000,101550
20/01/2000,101276
19/01/2000,101264
18/01/2000,101247
17/01/2000,101880
14/01/2000,102772
13/01/2000,103173
12/1/2000,103041
11/1/2000,102693
10/1/2000,103019
7/1/2000,103195
6/1/2000,103169
5/1/2000,102891
4/1/2000,101799
3/1/2000,100507
31/12/1999,100534
30/12/1999,100534
29/12/1999,100908
28/12/1999,101325
27/12/1999,101325
24/12/1999,101190
23/12/1999,100904
22/12/1999,100884
21/12/1999,100929
20/12/1999,101337
17/12/1999,101915
16/12/1999,101081
15/12/1999,100474
14/12/1999,100870
13/12/1999,101359
10/12/1999,101750
9/12/1999,102287
8/12/1999,102416
7/12/1999,101984
6/12/1999,101029
3/12/1999,100324
2/12/1999,100746
1/12/1999,100932
30/11/1999,100968
29/11/1999,101237
26/11/1999,101602
25/11/1999,102079
24/11/1999,102648
23/11/1999,103154
22/11/1999,103128
19/11/1999,103442
18/11/1999,104029
17/11/1999,103799
16/11/1999,103285
15/11/1999,103318
12/11/1999,103815
11/11/1999,104123
10/11/1999,104064
9/11/1999,104051
8/11/1999,104021
5/11/1999,104293
4/11/1999,104896
3/11/1999,105068
2/11/1999,105283
1/11/1999,105345
29/10/1999,105141
28/10/1999,105385
27/10/1999,105964
26/10/1999,106515
25/10/1999,107165
22/10/1999,107804
21/10/1999,107814
20/10/1999,107959
19/10/1999,108386
18/10/1999,108663
15/10/1999,108325
14/10/1999,107784
13/10/1999,107305
12/10/1999,106539
11/10/1999,106449
8/10/1999,106852
7/10/1999,107195
6/10/1999,107138
5/10/1999,107021
4/10/1999,107213
1/10/1999,106967
30/09/1999,106170
29/09/1999,105254
28/09/1999,104694
27/09/1999,104572
24/09/1999,104648
23/09/1999,104671
22/09/1999,104755
21/09/1999,104185
20/09/1999,104075
17/09/1999,103959
16/09/1999,103826
15/09/1999,103594
14/09/1999,103646
13/09/1999,104257
10/9/1999,105491
9/9/1999,105970
8/9/1999,105889
7/9/1999,105771
6/9/1999,106283
